name,source,format,size,rights,purpose
map,Original SAQGO vector geometry,SVG + PNG 1x/2x/3x,24dp,MIT (see LICENSE),map
route,Original SAQGO vector geometry,SVG + PNG 1x/2x/3x,24dp,MIT (see LICENSE),route
sensors,Original SAQGO vector geometry,SVG + PNG 1x/2x/3x,24dp,MIT (see LICENSE),sensors
road_risk,Original SAQGO vector geometry,SVG + PNG 1x/2x/3x,24dp,MIT (see LICENSE),road_risk
hazards,Original SAQGO vector geometry,SVG + PNG 1x/2x/3x,24dp,MIT (see LICENSE),hazards
layers,Original SAQGO vector geometry,SVG + PNG 1x/2x/3x,24dp,MIT (see LICENSE),layers
lifelog,Original SAQGO vector geometry,SVG + PNG 1x/2x/3x,24dp,MIT (see LICENSE),lifelog
pulse,Original SAQGO vector geometry,SVG + PNG 1x/2x/3x,24dp,MIT (see LICENSE),pulse
sos,Original SAQGO vector geometry,SVG + PNG 1x/2x/3x,24dp,MIT (see LICENSE),sos
profile,Original SAQGO vector geometry,SVG + PNG 1x/2x/3x,24dp,MIT (see LICENSE),profile
search,Original SAQGO vector geometry,SVG + PNG 1x/2x/3x,24dp,MIT (see LICENSE),search
filter,Original SAQGO vector geometry,SVG + PNG 1x/2x/3x,24dp,MIT (see LICENSE),filter
locate,Original SAQGO vector geometry,SVG + PNG 1x/2x/3x,24dp,MIT (see LICENSE),locate
back,Original SAQGO vector geometry,SVG + PNG 1x/2x/3x,24dp,MIT (see LICENSE),back
close,Original SAQGO vector geometry,SVG + PNG 1x/2x/3x,24dp,MIT (see LICENSE),close
pause,Original SAQGO vector geometry,SVG + PNG 1x/2x/3x,24dp,MIT (see LICENSE),pause
play,Original SAQGO vector geometry,SVG + PNG 1x/2x/3x,24dp,MIT (see LICENSE),play
stop,Original SAQGO vector geometry,SVG + PNG 1x/2x/3x,24dp,MIT (see LICENSE),stop
calendar,Original SAQGO vector geometry,SVG + PNG 1x/2x/3x,24dp,MIT (see LICENSE),calendar
alert,Original SAQGO vector geometry,SVG + PNG 1x/2x/3x,24dp,MIT (see LICENSE),alert
settings,Original SAQGO vector geometry,SVG + PNG 1x/2x/3x,24dp,MIT (see LICENSE),settings
no_internet,Original SAQGO vector geometry,SVG + PNG 1x/2x/3x,24dp,MIT (see LICENSE),no_internet
empty_data,Original SAQGO vector geometry,SVG + PNG 1x/2x/3x,24dp,MIT (see LICENSE),empty_data
no_gps,Original SAQGO vector geometry,SVG + PNG 1x/2x/3x,24dp,MIT (see LICENSE),no_gps
gps_weak,Original SAQGO vector geometry,SVG + PNG 1x/2x/3x,24dp,MIT (see LICENSE),gps_weak
permission_denied,Original SAQGO vector geometry,SVG + PNG 1x/2x/3x,24dp,MIT (see LICENSE),permission_denied
demo_mode,Original SAQGO vector geometry,SVG + PNG 1x/2x/3x,24dp,MIT (see LICENSE),demo_mode
phone,Original SAQGO vector geometry,SVG + PNG 1x/2x/3x,24dp,MIT (see LICENSE),phone
delete,Original SAQGO vector geometry,SVG + PNG 1x/2x/3x,24dp,MIT (see LICENSE),delete
privacy,Original SAQGO vector geometry,SVG + PNG 1x/2x/3x,24dp,MIT (see LICENSE),privacy
logo,Original SAQGO vector geometry,SVG + PNG 1x/2x/3x,24dp,MIT (see LICENSE),logo
